title,uuid,disclaimerBadge,popular_uuid,opening_hous
八方雲集 新店碧潭店,af8efba1-63dc-42b8-a18d-121250edfd76,{'text': '<span>[本店開立紙本發票] 本商家肉品原產地資訊標示於餐點描述中 (上開肉品資訊是由我們所合作之商家合作夥伴所提供。如對上開資訊有任何疑問，請直接與商家合作夥伴聯繫) (食品業者登錄字號：F-170472679-00454-8 / 公司名稱：碧潭八方雲集小吃店 / 統一編號：49936126)</span>'},"['bf22015a-e04b-53fd-88d4-f702e8377cfe', '6c748e96-4e5d-5fef-9ce8-96a8a5392efa', '07d23f30-51c8-5422-88f2-6d17c85c4e68', 'b178eee7-4bd0-55b7-a9a6-0117764db1b2', '20156941-382a-47f7-9cf8-808327338f2b']","[{'@type': 'OpeningHoursSpecification', 'dayOfWeek': ['Monday', 'Tuesday', 'Wednesday', 'Thursday', 'Friday', 'Saturday', 'Sunday'], 'opens': '11:0', 'closes': '20:0'}]"
鼎上鴨肉羹,1125cc44-42b0-51a0-adce-5db32cb9db91,{'text': '<span>[本店免開統一發票] (食品業者登錄字號：N-202206452-00000-6 / 公司名稱：鼎上鴨肉羹)</span>'},"['ec4a6c43-88f5-4457-b2ba-11385c1b7b1e', 'c009413f-5c1e-4e68-9e32-f3fafe7add0d', '9770c553-9bfa-43d4-9012-d40eef295f47', 'e69e7b60-5fcb-442d-9fb6-babc43f4aec2', '0796ec93-5f8c-4897-ad3a-8811b5e914f3']","[{'@type': 'OpeningHoursSpecification', 'dayOfWeek': 'Sunday', 'opens': '10:30', 'closes': '20:30'}, {'@type': 'OpeningHoursSpecification', 'dayOfWeek': ['Monday', 'Tuesday', 'Wednesday', 'Thursday', 'Friday'], 'opens': '16:0', 'closes': '22:0'}, {'@type': 'OpeningHoursSpecification', 'dayOfWeek': 'Saturday', 'opens': '10:30', 'closes': '20:30'}]"
甜屋義大利麵,f065cbc4-bc12-552c-bd5a-f807e012a7d8,{'text': '<span>[本店免開統一發票] 本店牛肉來源:澳洲/豬肉:台灣 (上開肉品資訊是由我們所合作之商家合作夥伴所提供。如對上開資訊有任何疑問，請直接與商家合作夥伴聯繫) (食品業者登錄字號：G-200245192-00000-8 / 公司名稱：田田屋義大利麵農權路)</span>'},[],"[{'@type': 'OpeningHoursSpecification', 'dayOfWeek': ['Monday', 'Tuesday', 'Wednesday', 'Thursday', 'Friday', 'Saturday', 'Sunday'], 'opens': '11:30', 'closes': '20:30'}]"
女巫麵食館,fc906932-a048-5bb9-b171-0f3c07c30ffb,{'text': '<span>[本店免開統一發票] (食品業者登錄字號：D-200236012-00000-6 / 公司名稱：女巫麵食館)</span>'},"['70ea3986-9fe3-4093-b0ef-4d35f39bef2e', 'f53c051c-ce19-42ae-a0c3-cedad70a497b', '1fa5d1aa-0c4e-4912-a7d1-fa088287b71e', '438cbfc8-3f04-4734-b2ea-931272186d1a', 'b22c16ff-3b77-4b8f-9358-847190a79cdc', '181a7482-186e-457f-99bf-9e863a4df1c2']","[{'@type': 'OpeningHoursSpecification', 'dayOfWeek': ['Monday', 'Tuesday', 'Wednesday', 'Thursday', 'Friday', 'Saturday', 'Sunday'], 'opens': '0:0', 'closes': '1:30'}, {'@type': 'OpeningHoursSpecification', 'dayOfWeek': ['Monday', 'Tuesday', 'Wednesday', 'Thursday', 'Friday', 'Saturday', 'Sunday'], 'opens': '13:30', 'closes': '23:59'}]"
台灣壽司郎 基隆站前店,eaba4bac-f0a4-5c2e-bfac-5c045b0c6d25,{'text': '<span>[本店開立紙本發票] 本店牛肉來源：美國 ／ 豬肉來源：西班牙 (上開肉品資訊是由我們所合作之商家合作夥伴所提供。如對上開資訊有任何疑問，請直接與商家合作夥伴聯繫) (公司名稱：台灣壽司郎股份有限公司 / 統一編號：52929520)</span>'},[],"[{'@type': 'OpeningHoursSpecification', 'dayOfWeek': ['Monday', 'Tuesday', 'Wednesday', 'Thursday', 'Friday', 'Saturday', 'Sunday'], 'opens': '11:0', 'closes': '21:30'}]"
初炉手作烘焙坊,5b988b7f-7460-5500-90a5-50de9cd84763,{'text': '<span>[本店開立紙本發票] (公司名稱：初炉手作烘焙行 / 統一編號：91688632)</span>'},"['6ab537d5-e8d7-4738-9a06-14c240481e7d', '200d32b5-5f4b-4cdc-b951-c29cd890663c', '4b9a4d89-8ed7-4fa3-8268-40e59939c17a', 'ff4ac1af-f991-4d8b-93da-a4791407de06', 'd347fef2-ac45-4e9f-962f-708b4ebfcf9e', '21b8971d-e326-44f4-a3df-41247085cad7', 'ee543e30-8254-481a-9402-10a4a1b43fdb', 'c9f9e933-f63e-465b-a3d1-cebc56d42a99', 'a931a7f8-8596-4648-ac01-da2e7af3afb6', '27522ffe-5e31-4cdd-ba47-cebd572d210c', 'ab42e3e5-938b-44b7-8ef3-a1969505f877', '89dbb81c-9dca-4ef0-91d9-b5a312001d3a', '74383ab9-dee5-4ee7-b11e-7b4d59b7959e']","[{'@type': 'OpeningHoursSpecification', 'dayOfWeek': ['Sunday', 'Monday', 'Tuesday', 'Wednesday', 'Thursday', 'Friday'], 'opens': '10:30', 'closes': '21:30'}]"
薯哥玉米起司馬鈴薯,67f0ffc6-b0d1-552d-a6e3-4c08dc7f1ab1,{'text': '<span>[本店免開統一發票] (食品業者登錄字號：G-200214732-00000-4 / 公司名稱：薯哥玉米起司馬鈴薯)</span>'},"['6a569a8b-32fe-4f61-95d3-d3996887997f', 'cf82a761-74d1-4a5d-82d6-cf38d1708a4a', 'eb59a1e8-bbdb-40eb-bb1e-da41bb468c0b', 'adeff57e-01ae-41b1-af48-a4652a657c15', '390a8fae-7829-4288-afab-21529a8e99d8']","[{'@type': 'OpeningHoursSpecification', 'dayOfWeek': ['Monday', 'Tuesday', 'Wednesday', 'Thursday', 'Friday', 'Saturday', 'Sunday'], 'opens': '17:0', 'closes': '22:0'}]"
鬍鬚張 大直北安店,0a31db49-906e-4dab-a661-1c1b0eb7f704,{'text': '<span>[本店開立紙本發票] 本商家肉品原產地資訊標示於餐點描述中 (上開肉品資訊是由我們所合作之商家合作夥伴所提供。如對上開資訊有任何疑問，請直接與商家合作夥伴聯繫) (食品業者登錄字號：A-122721208-00031-6 / 公司名稱：鬍鬚張股份有限公司大直北安分公司 / 統一編號：25116936)</span>'},[],"[{'@type': 'OpeningHoursSpecification', 'dayOfWeek': ['Monday', 'Tuesday', 'Wednesday', 'Thursday', 'Friday', 'Saturday', 'Sunday'], 'opens': '10:30', 'closes': '21:30'}]"
牽拖茶飲 美村旗艦店,10bd81a2-b6f9-5ef5-9aad-488a9ca1392a,{'text': '<span>[本店免開統一發票] 本商家所提供的商品沒有含有任何依法規應揭露之肉類食材 (上開肉品資訊是由我們所合作之商家合作夥伴所提供。如對上開資訊有任何疑問，請直接與商家合作夥伴聯繫) (公司名稱：牽拖餐飲企業社)</span>'},"['f17485a2-d030-4e5e-8c25-61d86fed1d10', '04663f17-f7e2-4b0e-aba7-ea5ec5432242', '2bcc2347-d276-406b-bcc9-6fb0723d4ab5', '5b8234db-abf3-4247-adf9-e9ad9d4d8b18', 'ad447e1b-40f0-449b-9627-714d356019ff']","[{'@type': 'OpeningHoursSpecification', 'dayOfWeek': ['Monday', 'Tuesday', 'Wednesday', 'Thursday', 'Friday', 'Saturday', 'Sunday'], 'opens': '10:50', 'closes': '20:50'}]"
元信鍋燒丼飯炒麵早午餐,81fd9e04-9877-53d0-bbd0-6a0472fab3fb,{'text': '<span>[本店免開統一發票] (食品業者登錄字號：G-200010000-00001-4 / 公司名稱：林記鍋燒麵 丼飯專賣店)</span>'},"['8a39df5b-38b8-42e8-a845-f3facb40f1e0', '41be042b-c663-4d1e-89e8-449bc7215c98']","[{'@type': 'OpeningHoursSpecification', 'dayOfWeek': 'Sunday', 'opens': '6:28', 'closes': '13:0'}, {'@type': 'OpeningHoursSpecification', 'dayOfWeek': ['Monday', 'Tuesday', 'Wednesday', 'Thursday'], 'opens': '7:0', 'closes': '13:0'}, {'@type': 'OpeningHoursSpecification', 'dayOfWeek': 'Friday', 'opens': '6:15', 'closes': '13:0'}, {'@type': 'OpeningHoursSpecification', 'dayOfWeek': 'Saturday', 'opens': '7:0', 'closes': '13:0'}]"
阿丸堂 黑糖珍珠職人 林園店,8c8e5b18-5195-5fcb-a56d-fa5999c13918,{'text': '<span>[本店免開統一發票] (食品業者登錄字號：E-200181095-00000-7 / 公司名稱：阿丸堂 黑糖珍珠職人 林園店)</span>'},"['3d5277e3-8017-40f8-abd0-95c623a3e20a', '15722e06-469a-4ee1-9500-f6e783c8b70a', '938afe32-0d19-4f1e-acae-a06d3a85eef9', '4e48425b-0e13-441a-ac8d-2ea76f05b9ce', '7fdcbbc2-5c6f-4a11-aea5-5de27612b16d']","[{'@type': 'OpeningHoursSpecification', 'dayOfWeek': 'Tuesday', 'opens': '18:0', 'closes': '23:0'}, {'@type': 'OpeningHoursSpecification', 'dayOfWeek': 'Friday', 'opens': '18:0', 'closes': '23:0'}]"
漁人町商圈 嘻咧烤 活魚現烤海鮮,77edc2ed-77a9-5168-8274-dcbe91b04550,{'text': '<span>[本店免開統一發票] (公司名稱：漁人町商圈 嘻咧烤 活魚現烤海鮮)</span>'},"['f0f0c37d-0950-4bf2-a01b-ae5ed86c5c7d', '444e68d2-b197-431f-a8c4-dcac92353232', '638b8de7-d0f3-4990-b12a-51625a252743', '471654fd-44b2-4a76-92c2-c263dad82232', 'e0a86ba3-c481-42f6-97c2-213840a9eda9']","[{'@type': 'OpeningHoursSpecification', 'dayOfWeek': 'Sunday', 'opens': '17:0', 'closes': '23:0'}, {'@type': 'OpeningHoursSpecification', 'dayOfWeek': ['Thursday', 'Friday', 'Saturday'], 'opens': '19:0', 'closes': '1:34'}]"
一心園素食,26ed0bc3-d38c-46db-a0ca-ee97c1563387,{'text': '<span>[本店免開統一發票] 本商家所提供的商品沒有含有任何依法規應揭露之肉類食材 (上開肉品資訊是由我們所合作之商家合作夥伴所提供。如對上開資訊有任何疑問，請直接與商家合作夥伴聯繫) (食品業者登錄字號：D-200011565-00001-1 / 公司名稱：一心園素食 / 統一編號：21952567)</span>'},"['c917093f-ff36-41ae-9294-b18a2c8a78c8', '93f5a508-2c1a-4d03-9208-d62b3f51181e', 'ba83fe9a-3bab-474d-ac24-14c5f8a07cbc', '22e84d1b-651b-4569-a392-8586aa056f99', '0614a43a-e39e-4dd4-a22e-9aa80ae5c5a0']","[{'@type': 'OpeningHoursSpecification', 'dayOfWeek': 'Sunday', 'opens': '10:0', 'closes': '19:30'}, {'@type': 'OpeningHoursSpecification', 'dayOfWeek': ['Monday', 'Tuesday', 'Wednesday', 'Thursday'], 'opens': '11:0', 'closes': '19:30'}, {'@type': 'OpeningHoursSpecification', 'dayOfWeek': 'Friday', 'opens': '10:27', 'closes': '19:30'}, {'@type': 'OpeningHoursSpecification', 'dayOfWeek': 'Saturday', 'opens': '10:0', 'closes': '14:0'}]"
77炸雞 東港店,ed12c638-757b-51d8-adeb-6b4cd05e9c11,{'text': '<span>[本店免開統一發票] (公司名稱：吉春興業商行 / 統一編號：89071956)</span>'},[],"[{'@type': 'OpeningHoursSpecification', 'dayOfWeek': ['Monday', 'Tuesday', 'Wednesday', 'Thursday', 'Friday', 'Saturday', 'Sunday'], 'opens': '11:0', 'closes': '19:0'}, {'@type': 'OpeningHoursSpecification', 'dayOfWeek': ['Monday', 'Tuesday', 'Wednesday', 'Thursday', 'Friday', 'Saturday', 'Sunday'], 'opens': '11:0', 'closes': '19:0'}]"
古都梅花燒正宗創始店,0cbe7504-1341-4f31-bf82-369499ca940c,{'text': '<span>[本店免開統一發票] 本店使用豬肉原產地是台灣 (上開肉品資訊是由我們所合作之商家合作夥伴所提供。如對上開資訊有任何疑問，請直接與商家合作夥伴聯繫) (食品業者登錄字號：B-200190248-00000-4 / 公司名稱：古都梅花燒正宗創始店)</span>'},"['f230a4d5-d984-4158-861e-bd0b34747321', '6bf25288-4ab9-4788-a2e2-8a39c3562d5a', '79ad4135-73d3-4039-8e49-0058cf8e73b2', '2b5acef8-eaa8-4c74-b659-a5bea123c775', '1d7dc4e1-b589-405d-b225-c551e96d126a']","[{'@type': 'OpeningHoursSpecification', 'dayOfWeek': 'Sunday', 'opens': '14:0', 'closes': '18:30'}, {'@type': 'OpeningHoursSpecification', 'dayOfWeek': ['Monday', 'Tuesday', 'Wednesday', 'Thursday', 'Friday', 'Saturday'], 'opens': '14:0', 'closes': '20:0'}]"
五桐號WooTEA 嘉義民族店,129c505c-0060-5797-8bff-89d00e4f5a78,{'text': '<span>[本店免開統一發票] 本商家所提供的商品沒有含有任何依法規應揭露之肉類食材 (上開肉品資訊是由我們所合作之商家合作夥伴所提供。如對上開資訊有任何疑問，請直接與商家合作夥伴聯繫) (食品業者登錄字號：I-200239698-00000-4 / 公司名稱：鎮安商行)</span>'},[],"[{'@type': 'OpeningHoursSpecification', 'dayOfWeek': 'Friday', 'opens': '8:0', 'closes': '20:0'}]"
晨間廚房 湖口仁慈店,aa5848ee-78ea-58d4-80d3-f244dbcf471a,{'text': '<span>[本店免開統一發票] (食品業者登錄字號：J-128890222-01622-1 / 公司名稱：欣宇早餐店 / 統一編號：92937103)</span>'},[],"[{'@type': 'OpeningHoursSpecification', 'dayOfWeek': 'Sunday', 'opens': '6:50', 'closes': '13:0'}, {'@type': 'OpeningHoursSpecification', 'dayOfWeek': ['Monday', 'Tuesday', 'Wednesday', 'Thursday', 'Friday', 'Saturday'], 'opens': '6:0', 'closes': '13:0'}]"
阿昇 爌肉飯 炒麵,f7a38a19-8ab1-5069-9f9d-7ec996141be9,{'text': '<span>[本店免開統一發票] 本商家肉品原產地資訊標示於餐點描述中 (上開肉品資訊是由我們所合作之商家合作夥伴所提供。如對上開資訊有任何疑問，請直接與商家合作夥伴聯繫) (食品業者登錄字號：B-200250809-00000-4 / 公司名稱：阿昇爌肉飯 炒麵)</span>'},"['4b4dae63-148b-46b7-84ee-8de8e421d1ff', '8ee2f3d5-11ce-44b9-944b-becd3534b1f9', '11eeb343-33f0-49a8-b462-f0a17dfefb40', '86dd7131-7e57-4fb6-8077-d28bfbe6cfd9']","[{'@type': 'OpeningHoursSpecification', 'dayOfWeek': ['Monday', 'Tuesday', 'Wednesday', 'Thursday', 'Friday', 'Saturday', 'Sunday'], 'opens': '6:15', 'closes': '13:30'}]"
反轉厚奶酥 花壇店,550097cd-3b7e-5f48-83e7-c226f4bb9fde,{'text': '<span>[本店免開統一發票] (食品業者登錄字號：N-202270942-00000-8 / 公司名稱：反轉厚奶酥花壇店)</span>'},"['731fcfa5-aa13-4f96-b69e-10ecb2aede81', '5479de71-effd-416f-a2bf-238cf3c38677', '533e9dac-86f1-48e4-a060-2f621f19bae3', 'c9ee4258-2913-4776-8f27-ca1486cb0ea6', '88336c59-b6d9-4c11-b584-45b6b01357b9']","[{'@type': 'OpeningHoursSpecification', 'dayOfWeek': ['Monday', 'Tuesday', 'Wednesday', 'Thursday', 'Friday'], 'opens': '10:30', 'closes': '18:0'}, {'@type': 'OpeningHoursSpecification', 'dayOfWeek': 'Saturday', 'opens': '14:0', 'closes': '19:0'}]"
鐤富弁當店,1cbaa12d-ee59-5288-8402-1b1472d41cb0,{'text': '<span>[本店免開統一發票] (食品業者登錄字號：D-200165016-00000-1 / 公司名稱：鐤富弁當店)</span>'},"['c1fb3dc7-f625-4fdd-97a0-dc3b773d9880', '5d270501-8438-4154-895f-a7d0d46dc647', '2cac1d57-d67e-4c0d-899f-2a3cfe00f8b7', '0fe7fe55-850e-43d4-9728-455e0d0fae82', 'b3bc5fb6-f3e6-4990-ab7b-11edc08def68']","[{'@type': 'OpeningHoursSpecification', 'dayOfWeek': ['Monday', 'Tuesday', 'Wednesday', 'Thursday', 'Friday', 'Saturday'], 'opens': '10:0', 'closes': '19:55'}]"
炸魂雞排 彰化彰南店,c261b803-d55c-4585-9f40-f59ebdb93981,{'text': '<span>[本店免開統一發票] 本商家肉品原產地資訊標示於餐點描述中 (上開肉品資訊是由我們所合作之商家合作夥伴所提供。如對上開資訊有任何疑問，請直接與商家合作夥伴聯繫) (公司名稱：炸魂雞排彰南店)</span>'},[],"[{'@type': 'OpeningHoursSpecification', 'dayOfWeek': ['Monday', 'Tuesday', 'Wednesday', 'Thursday', 'Friday', 'Saturday', 'Sunday'], 'opens': '15:30', 'closes': '22:30'}]"
蝦𦍋早午餐豐原總店,2171f9fe-4408-56cd-9348-c35e08da7b75,{'text': '<span>[本店免開統一發票] 本店牛肉來源:澳洲/豬肉:台灣 (上開肉品資訊是由我們所合作之商家合作夥伴所提供。如對上開資訊有任何疑問，請直接與商家合作夥伴聯繫) (食品業者登錄字號：B-200226514-00014-5 / 公司名稱：蝦𦍋早午餐豐原總店)</span>'},"['ee6bc8c9-a709-492b-8bd9-f45aed663427', 'c11d6ce9-45fa-4a3f-a789-233b7a9cc9f6', '824373da-1d8e-4759-8dca-6645852789c6', 'c42b04e9-2faa-4579-87d7-9bf133ca8767', 'c0c9e90f-2723-454a-be97-7535d3371016']","[{'@type': 'OpeningHoursSpecification', 'dayOfWeek': ['Sunday', 'Monday'], 'opens': '6:40', 'closes': '13:29'}, {'@type': 'OpeningHoursSpecification', 'dayOfWeek': ['Wednesday', 'Thursday', 'Friday', 'Saturday'], 'opens': '6:40', 'closes': '13:29'}]"
大埔鐵板燒 桃園中壢店,6dcc0385-d8ee-480b-9b6f-02c05b2cd8ee,{'text': '<span>[本店免開統一發票] (公司名稱：大埔飲食店 / 統一編號：67720099)</span>'},"['9ee3762e-4e63-45b9-86a6-9799fa952da8', 'bf04ff89-6011-468a-a4b1-aceccbf9b400', '54556356-f4df-4499-b2a9-42d8b20cc4c6', 'e6a629ca-c145-4ab9-8264-78d2d23352cd', 'b4b60dab-318b-4087-bdcb-dfead18f2b8b']","[{'@type': 'OpeningHoursSpecification', 'dayOfWeek': ['Monday', 'Tuesday', 'Wednesday', 'Thursday', 'Friday', 'Saturday', 'Sunday'], 'opens': '12:0', 'closes': '22:0'}]"
叭咘移動創廚 l 素食早餐,ea63e9c9-6544-56cc-a6ac-e306f0478156,{'text': '<span>[本店免開統一發票] (公司名稱：叭咘移動創廚)</span>'},"['933cda6d-7a3a-4f5d-b415-cfa3c86e9f10', '28fee246-1462-4a24-8d65-b3a2eee23c2b', '3b376de1-4cfd-458a-8b4e-f8a58ac2e032', '417d33c8-0c16-4777-8c3e-53c3408eea1e']","[{'@type': 'OpeningHoursSpecification', 'dayOfWeek': ['Monday', 'Tuesday'], 'opens': '8:30', 'closes': '19:0'}, {'@type': 'OpeningHoursSpecification', 'dayOfWeek': 'Wednesday', 'opens': '8:30', 'closes': '19:30'}, {'@type': 'OpeningHoursSpecification', 'dayOfWeek': ['Thursday', 'Friday', 'Saturday'], 'opens': '8:30', 'closes': '19:0'}]"
真味肉圓 信義店,8d249048-c6d2-4469-b548-1a487b606617,{'text': '<span>[本店免開統一發票] 本店使用豬肉原產地（國）：台灣 (上開肉品資訊是由我們所合作之商家合作夥伴所提供。如對上開資訊有任何疑問，請直接與商家合作夥伴聯繫) (食品業者登錄字號：F-20028853-00000-0)</span>'},"['219d049b-20fb-45c6-b586-700961179bb0', '32a93efc-9536-4ece-83f8-7f9e1a4b75fc', '3151d961-8400-4ed4-af13-93451eadfb11', 'e6f24150-4007-4d84-b739-f954cdee44e0', 'c097d615-291a-40e1-b7bf-13159d266fe1']","[{'@type': 'OpeningHoursSpecification', 'dayOfWeek': 'Sunday', 'opens': '11:0', 'closes': '21:0'}, {'@type': 'OpeningHoursSpecification', 'dayOfWeek': 'Monday', 'opens': '11:0', 'closes': '19:30'}, {'@type': 'OpeningHoursSpecification', 'dayOfWeek': 'Tuesday', 'opens': '11:0', 'closes': '21:0'}, {'@type': 'OpeningHoursSpecification', 'dayOfWeek': 'Wednesday', 'opens': '11:0', 'closes': '20:0'}, {'@type': 'OpeningHoursSpecification', 'dayOfWeek': 'Thursday', 'opens': '11:0', 'closes': '20:11'}, {'@type': 'OpeningHoursSpecification', 'dayOfWeek': ['Friday', 'Saturday'], 'opens': '11:0', 'closes': '20:30'}]"
雲記越式麵包坊,5f6aece2-5055-4062-9892-d2fc007f3d5d,{'text': '<span>[本店免開統一發票] (食品業者登錄字號：F-185345223-00000-5 / 公司名稱：雲記越式麵包坊 / 統一編號：85345223)</span>'},"['14441f2a-c58c-4478-b054-eea1c97f45cb', '8f4f9fd8-91b4-47a5-a7bd-151b85bf0e00', '972329b4-9804-4165-a660-2bffe813f0f0', 'b046debf-c9fb-41eb-80dd-a77b06644b48', 'a855a42c-4cf5-4913-9e42-95974348ab67']","[{'@type': 'OpeningHoursSpecification', 'dayOfWeek': 'Sunday', 'opens': '7:0', 'closes': '19:30'}, {'@type': 'OpeningHoursSpecification', 'dayOfWeek': ['Tuesday', 'Wednesday', 'Thursday', 'Friday', 'Saturday'], 'opens': '7:0', 'closes': '19:30'}]"
岩漿火鍋 竹東明星店,c27d3ff3-0cc9-49f9-8c3f-3ac77a53a72c,{'text': '<span>[本店開立紙本發票] 本商家肉品原產地資訊標示於餐點描述中 (上開肉品資訊是由我們所合作之商家合作夥伴所提供。如對上開資訊有任何疑問，請直接與商家合作夥伴聯繫) (食品業者登錄字號：J-154522651-00000-7 / 公司名稱：岩漿股份有限公司 / 統一編號：54522651)</span>'},[],"[{'@type': 'OpeningHoursSpecification', 'dayOfWeek': ['Monday', 'Tuesday', 'Wednesday', 'Thursday', 'Friday', 'Saturday', 'Sunday'], 'opens': '12:0', 'closes': '21:0'}]"
清原芋圓 嘉義吳鳳北店,117d3466-4a78-4f45-842e-ae5990099d24,{'text': '<span>[本店開立紙本發票] (食品業者登錄字號：I-181315281-00000-5 / 公司名稱：清原芋圓 嘉義吳鳳北店 / 統一編號：81315281)</span>'},"['42799aa8-e98a-4a30-bfcb-359250c537e5', 'f53653be-7cd2-42f7-840b-9e70e9c2a546', '22cb4e8c-cd88-43a5-9f7c-2da8aa6ae6f5', '72b9f2d0-7729-4fcb-b36d-ab420100f61b', 'd571ead1-2dbe-4ca7-9f62-b7984c8a00e7', '69d5f29d-54e9-499e-a1b9-3c0b54a56f5f', '23d03c0c-c224-4823-a3f7-e5e331f2f4c0', 'c5a1393e-aa9c-4b09-b78f-2d5e05e0c2ee']","[{'@type': 'OpeningHoursSpecification', 'dayOfWeek': ['Monday', 'Tuesday', 'Wednesday', 'Thursday', 'Friday', 'Saturday', 'Sunday'], 'opens': '10:15', 'closes': '21:45'}]"
Evie's Cafe' 伊米咖啡,4e6e4b21-22d7-5113-8ebc-f2a6ca9cfe08,{'text': '<span>[本店免開統一發票] 本商家所提供的商品沒有含有任何依法規應揭露之肉類食材 (上開肉品資訊是由我們所合作之商家合作夥伴所提供。如對上開資訊有任何疑問，請直接與商家合作夥伴聯繫) (公司名稱：伊米咖啡館 / 統一編號：40852238)</span>'},"['c299558f-d9e7-40ef-89ff-ed5554a9c554', '95ab9fbb-2a52-45ea-984f-55022da3842c', '4126ea25-ac51-4eb8-9925-6e0d15052091', '95e7e79f-76e5-4e51-9c74-2625059b0258']","[{'@type': 'OpeningHoursSpecification', 'dayOfWeek': 'Sunday', 'opens': '9:0', 'closes': '17:30'}, {'@type': 'OpeningHoursSpecification', 'dayOfWeek': ['Monday', 'Tuesday', 'Wednesday'], 'opens': '12:0', 'closes': '17:30'}, {'@type': 'OpeningHoursSpecification', 'dayOfWeek': 'Friday', 'opens': '12:0', 'closes': '17:30'}, {'@type': 'OpeningHoursSpecification', 'dayOfWeek': 'Saturday', 'opens': '9:0', 'closes': '17:30'}]"
醬醬炒烏龍,e9bf94d4-13c5-5fc8-b2c8-fa39747cd884,{'text': '<span>[本店免開統一發票] (食品業者登錄字號：N-202271463-00000-7 / 公司名稱：醬醬炒烏龍)</span>'},"['0f810b5f-2cc3-4194-b1ee-543342803048', '0f44bf3b-e6da-4449-b5bf-b49ecc69f702', '59fcf0e2-6791-49f1-a75e-5eed1b4b7d7e', '008bd1e5-0977-485e-93f9-0dea7724000a', 'd022b572-0c84-4168-8045-c1d6d88975e3']","[{'@type': 'OpeningHoursSpecification', 'dayOfWeek': 'Sunday', 'opens': '10:30', 'closes': '13:30'}, {'@type': 'OpeningHoursSpecification', 'dayOfWeek': ['Monday', 'Tuesday', 'Wednesday', 'Thursday', 'Friday', 'Saturday'], 'opens': '10:30', 'closes': '13:30'}, {'@type': 'OpeningHoursSpecification', 'dayOfWeek': ['Monday', 'Tuesday', 'Wednesday', 'Thursday', 'Friday', 'Saturday'], 'opens': '16:30', 'closes': '19:15'}]"
后科小吃,20ee9a58-c95d-4193-957c-ff229284bf21,{'text': '<span>[本店免開統一發票] 本店使用豬肉原產地（國） (上開肉品資訊是由我們所合作之商家合作夥伴所提供。如對上開資訊有任何疑問，請直接與商家合作夥伴聯繫) (食品業者登錄字號：B-200180507-00000-1 / 公司名稱：后科小吃)</span>'},[],"[{'@type': 'OpeningHoursSpecification', 'dayOfWeek': ['Monday', 'Tuesday', 'Wednesday', 'Thursday', 'Friday', 'Saturday', 'Sunday'], 'opens': '16:0', 'closes': '2:0'}]"
八方雲集 屏東東港店,e3eb8335-b945-479c-9295-094577bf0bb8,{'text': '<span>[本店開立紙本發票] 本商家肉品原產地資訊標示於餐點描述中 (上開肉品資訊是由我們所合作之商家合作夥伴所提供。如對上開資訊有任何疑問，請直接與商家合作夥伴聯繫) (食品業者登錄字號：T-153703985-00131-2 / 公司名稱：來客多餐飲小吃部 / 統一編號：99523206)</span>'},"['bcbfd5aa-acc5-5a56-bbc9-91926bafe18e', '8c095573-8699-45ef-aae5-9ee365d487e5', '9ca87d79-e6eb-4507-8445-f2f75390f9aa', '35c36856-ce48-49c9-a5ef-f1d67fb98fc1', '9540888d-2387-4bd9-8855-27bb85c383fd']","[{'@type': 'OpeningHoursSpecification', 'dayOfWeek': ['Monday', 'Tuesday', 'Wednesday', 'Thursday', 'Friday', 'Saturday', 'Sunday'], 'opens': '10:30', 'closes': '19:50'}]"
義麵坊,aaebc21a-07c5-428a-86b6-a078d9b977ca,{'text': '<span>[本店開立紙本發票] 本店所使用豬肉原產地：台灣 / 本店所使用牛肉原產地：美國 (上開肉品資訊是由我們所合作之商家合作夥伴所提供。如對上開資訊有任何疑問，請直接與商家合作夥伴聯繫) (食品業者登錄字號：A-113850406-00000-5 / 公司名稱：意麵坊小吃店 / 統一編號：13850406)</span>'},"['a7ab7328-02bb-4a6e-b0df-5c3226691559', 'ccb5037f-eee3-4d5b-8382-9729a72dbd47', 'bf4ae5ce-58aa-451e-881c-31936fbca446']","[{'@type': 'OpeningHoursSpecification', 'dayOfWeek': 'Monday', 'opens': '11:30', 'closes': '13:25'}, {'@type': 'OpeningHoursSpecification', 'dayOfWeek': 'Monday', 'opens': '17:30', 'closes': '20:10'}, {'@type': 'OpeningHoursSpecification', 'dayOfWeek': ['Wednesday', 'Thursday', 'Friday', 'Saturday'], 'opens': '11:30', 'closes': '13:25'}, {'@type': 'OpeningHoursSpecification', 'dayOfWeek': ['Wednesday', 'Thursday', 'Friday', 'Saturday'], 'opens': '17:30', 'closes': '20:10'}]"
狙擊低卡輕盈餐盒,82c82a09-f8b1-4192-b031-7b06d5417687,{'text': '<span>[本店免開統一發票] 本店牛肉來源:澳洲/豬肉:台灣 (上開肉品資訊是由我們所合作之商家合作夥伴所提供。如對上開資訊有任何疑問，請直接與商家合作夥伴聯繫) (食品業者登錄字號：B-200190966-00000-1 / 公司名稱：狙擊低卡輕盈餐盒)</span>'},[],"[{'@type': 'OpeningHoursSpecification', 'dayOfWeek': ['Sunday', 'Monday', 'Tuesday', 'Wednesday', 'Thursday'], 'opens': '11:0', 'closes': '20:0'}, {'@type': 'OpeningHoursSpecification', 'dayOfWeek': 'Saturday', 'opens': '11:0', 'closes': '20:0'}]"
咖啡深藏 屏東民生店,132776ea-f388-420f-b690-9198e970e092,{'text': '<span>[本店免開統一發票] 本商家所提供的商品沒有含有任何依法規應揭露之肉類食材 (上開肉品資訊是由我們所合作之商家合作夥伴所提供。如對上開資訊有任何疑問，請直接與商家合作夥伴聯繫) (食品業者登錄字號：T-200141053-00000-2 / 公司名稱：晶見咖啡商行 / 統一編號：81348419)</span>'},"['a9ea2c33-146a-49c5-bb3d-9529f2d2e06b', 'c43cfb8d-09a1-44d7-bbe7-f05aecf7d1d9', '423b3cab-4c79-4a61-98fc-1804a0fc9ac6', '681573b9-9d96-4964-aee6-f1fe102f46ae', '581d32a2-fa6d-4518-9e98-2b1bd451a1ca']","[{'@type': 'OpeningHoursSpecification', 'dayOfWeek': ['Monday', 'Tuesday', 'Wednesday', 'Thursday', 'Friday', 'Saturday', 'Sunday'], 'opens': '6:45', 'closes': '17:0'}]"
左營小寶米粉羹,d558c667-18b8-4172-b7d7-e0acd4f5d0e4,{'text': '<span>[本店免開統一發票] 本店使用豬肉原產地：台灣/豬肉原產地 (上開肉品資訊是由我們所合作之商家合作夥伴所提供。如對上開資訊有任何疑問，請直接與商家合作夥伴聯繫) (公司名稱：左營小寶米粉焿)</span>'},[],"[{'@type': 'OpeningHoursSpecification', 'dayOfWeek': ['Sunday', 'Monday', 'Tuesday', 'Wednesday'], 'opens': '8:30', 'closes': '19:30'}, {'@type': 'OpeningHoursSpecification', 'dayOfWeek': ['Friday', 'Saturday'], 'opens': '8:30', 'closes': '19:30'}]"
燒喔 廟口香腸 肉蛋土司,18da9512-3e23-5ef6-aebb-5edf95281d35,{'text': '<span>[本店免開統一發票] (食品業者登錄字號：M-200055193-00000-1 / 公司名稱：燒喔 廟口香腸 肉蛋土司)</span>'},[],"[{'@type': 'OpeningHoursSpecification', 'dayOfWeek': 'Sunday', 'opens': '17:0', 'closes': '0:0'}, {'@type': 'OpeningHoursSpecification', 'dayOfWeek': ['Tuesday', 'Wednesday', 'Thursday', 'Friday', 'Saturday'], 'opens': '17:0', 'closes': '0:0'}]"
Burger King漢堡王 屏東公園店,30e1d910-eb0c-524e-8fcf-0053f721725b,{'text': '<span>[本店開立紙本發票] 牛肉餅:澳洲/培根:台灣/加拿大/豬肉片:台灣/丹麥/火腿:台灣/加拿大 (上開肉品資訊是由我們所合作之商家合作夥伴所提供。如對上開資訊有任何疑問，請直接與商家合作夥伴聯繫) (食品業者登錄字號：T-123309178-00227-1 / 公司名稱：家城股份有限公司屏東公園門市部 / 統一編號：89052965)</span>'},"['26f49f89-6d43-58e0-91f3-147ac428249d', 'd0caf6e7-47ea-5a5f-b0fc-cf6e95cd3e83', '31b2da66-6b47-5392-bb4f-40c5c7171a9e', '4a670ca2-1bdb-5ac8-b4c3-b1f08e9c13ac', 'e8c52983-05c5-4b7d-9184-dc50aab2052a']","[{'@type': 'OpeningHoursSpecification', 'dayOfWeek': 'Sunday', 'opens': '9:0', 'closes': '22:45'}, {'@type': 'OpeningHoursSpecification', 'dayOfWeek': ['Monday', 'Tuesday', 'Wednesday', 'Thursday', 'Friday'], 'opens': '10:0', 'closes': '22:45'}, {'@type': 'OpeningHoursSpecification', 'dayOfWeek': 'Saturday', 'opens': '9:0', 'closes': '22:45'}]"
品香煎餅果子,56258085-2a20-5180-a309-bbc1860ce4d9,{'text': '<span>[本店免開統一發票] (公司名稱：品香煎餅果)</span>'},"['c1ad66f5-4fae-49b7-883f-a860e68efce4', '3b107982-ba73-4267-9d7f-c9b13edb5293', '90deb310-b399-48a0-99fb-f8197001ab47', 'f17ac69f-c1f6-4e46-92c0-5b5bc72e92be', 'bfa26835-7fe8-4650-81f5-6669f4d84248']","[{'@type': 'OpeningHoursSpecification', 'dayOfWeek': ['Monday', 'Tuesday', 'Wednesday', 'Thursday', 'Friday', 'Saturday', 'Sunday'], 'opens': '10:35', 'closes': '19:30'}]"
朵栗早餐,f1c7de69-7216-548e-b1a8-822957f4f9d2,{'text': '<span>[本店免開統一發票] (公司名稱：晨韋魚商行 / 統一編號：92685795)</span>'},[],"[{'@type': 'OpeningHoursSpecification', 'dayOfWeek': 'Sunday', 'opens': '6:30', 'closes': '13:55'}, {'@type': 'OpeningHoursSpecification', 'dayOfWeek': ['Monday', 'Tuesday', 'Wednesday', 'Thursday', 'Friday'], 'opens': '6:0', 'closes': '12:55'}, {'@type': 'OpeningHoursSpecification', 'dayOfWeek': 'Saturday', 'opens': '6:30', 'closes': '13:55'}]"
Q醬 炸蛋蔥油餅,de4d7ce6-5227-5d61-bc2c-e1647652a9bb,{'text': '<span>[本店免開統一發票] 本商家所提供的商品沒有含有任何依法規應揭露之肉類食材 (上開肉品資訊是由我們所合作之商家合作夥伴所提供。如對上開資訊有任何疑問，請直接與商家合作夥伴聯繫) (食品業者登錄字號：E-200215507-00000-3 / 公司名稱：Q醬 炸蛋蔥油餅)</span>'},"['96a645b8-e776-4396-baaf-079bcc211ba7', '32d70caf-7782-4631-9d22-c5fb3f17234a', 'e403a778-35da-498e-bd44-adf2dfcd00dd', '87656ebb-6215-4b79-980f-7aaba9d6929a']","[{'@type': 'OpeningHoursSpecification', 'dayOfWeek': ['Sunday', 'Monday'], 'opens': '15:0', 'closes': '20:45'}, {'@type': 'OpeningHoursSpecification', 'dayOfWeek': ['Thursday', 'Friday', 'Saturday'], 'opens': '15:0', 'closes': '20:45'}]"
北門包子店,b24eb2c5-8e6e-539f-a130-3d9a9707a0d4,{'text': '<span>[本店免開統一發票] (公司名稱：舊北門包子 / 統一編號：41872211)</span>'},"['880079f9-e645-5142-8aa6-9861f5a4b091', 'e4dce720-d6b9-597e-bbd9-a9f983103bd1', '9e3122f1-701f-4a03-ac78-a74c1fea3850', '4f10d7b7-69a2-5b1d-a144-0b4f5868cdfc', '444054bc-532f-5e2a-95e7-fbbe782f4ea9', '3d9e7f07-1e1e-4ead-b48c-3b712b14e9c7', 'b8c8aeb2-8728-5f71-965b-35737c90bea1', 'c1349aae-fc67-4ea4-b9a8-f3975bdfe63a']","[{'@type': 'OpeningHoursSpecification', 'dayOfWeek': ['Monday', 'Tuesday', 'Wednesday', 'Thursday', 'Friday', 'Saturday'], 'opens': '6:30', 'closes': '17:30'}]"
蒜翻天鹽酥雞 安康店,50c2b6ea-0954-5cae-8478-df691aba4086,{'text': '<span>[本店免開統一發票] 本店牛肉來源:加拿大/豬肉:台灣 (上開肉品資訊是由我們所合作之商家合作夥伴所提供。如對上開資訊有任何疑問，請直接與商家合作夥伴聯繫) (食品業者登錄字號：F-200248945-00000-6 / 公司名稱：蒜翻天鹽酥雞 安康店)</span>'},"['5818abf3-9818-4b28-ae4a-6eef158b1f24', 'c89a08ad-ed58-4bc4-a313-5f17f2b9961d', 'e280edc5-4069-4473-82e9-3d885ff5fd4b', 'c54b0e93-52d1-4a03-9688-800748f7adb4']","[{'@type': 'OpeningHoursSpecification', 'dayOfWeek': 'Sunday', 'opens': '17:0', 'closes': '1:0'}, {'@type': 'OpeningHoursSpecification', 'dayOfWeek': ['Wednesday', 'Thursday', 'Friday', 'Saturday'], 'opens': '17:0', 'closes': '1:0'}]"
北投黃龍越南河粉,b633060d-85e8-55cb-b970-43a92879557f,{'text': '<span>[本店免開統一發票] (公司名稱：黃龍越南法國麵包小吃店 / 統一編號：88301874)</span>'},"['5aa7e602-b9de-4aaa-b94c-e3d5e2c11233', 'b47f5bba-8faa-458a-991c-31e5b265868a', 'b0378aef-43bb-4465-919a-9166205ef4f3', '16afbe22-7cd2-4375-bb0b-5e1cb146da82', '2bd3d376-c647-4c32-a0c5-3ac8f0e84b76']","[{'@type': 'OpeningHoursSpecification', 'dayOfWeek': ['Monday', 'Tuesday', 'Wednesday', 'Thursday', 'Friday', 'Saturday', 'Sunday'], 'opens': '8:0', 'closes': '20:0'}]"
泰僑村 漢口店,90a7f990-dc68-44e7-ac0a-0d05e76586d3,{'text': '<span>[本店免開統一發票] 本商家所提供的商品沒有含有任何依法規應揭露之肉類食材 (上開肉品資訊是由我們所合作之商家合作夥伴所提供。如對上開資訊有任何疑問，請直接與商家合作夥伴聯繫) (公司名稱：泰僑村3店平價泰式小吃 / 統一編號：38950297)</span>'},"['8957082e-643e-495f-9ddf-7c1374b0a8d4', 'a723f083-92dd-5e60-992f-684515a87fdc', '086d1f51-4576-4805-9d99-d1df46bb85f6', '24533f96-1d4e-4ae3-bfad-651f322278f6', 'bfeb5a16-530a-4a65-b0d9-1bd61d66d63c', 'f5aaa105-f672-59db-b83b-df1c6af697f3', '13645230-c5cd-5e49-bb94-2606db2c7e2a', '2d94be89-8641-5ed7-b06f-beb0f610e94a', '4c7779d1-8161-52cd-8f8d-a32397b19403', 'b81eebb8-52aa-4687-9b8b-18220d4a0e96', '775665c3-5d3b-43ab-9672-2109df713dce', 'af6c707d-915b-47b8-9208-0e4ff755fae6', '9b26dbfb-4933-4eda-9b0c-51ae32fb217f', '8dcf1298-d6f6-44ac-a613-2f4e60bbcd45']","[{'@type': 'OpeningHoursSpecification', 'dayOfWeek': ['Sunday', 'Monday'], 'opens': '11:0', 'closes': '13:50'}, {'@type': 'OpeningHoursSpecification', 'dayOfWeek': ['Sunday', 'Monday'], 'opens': '17:0', 'closes': '19:50'}, {'@type': 'OpeningHoursSpecification', 'dayOfWeek': ['Wednesday', 'Thursday', 'Friday', 'Saturday'], 'opens': '11:0', 'closes': '13:50'}, {'@type': 'OpeningHoursSpecification', 'dayOfWeek': ['Wednesday', 'Thursday', 'Friday', 'Saturday'], 'opens': '17:0', 'closes': '19:50'}]"
元爵味黃燜雞米飯 台中忠明店,808cea9d-ef8b-5dd0-843c-0d2474d558b0,{'text': '<span>[本店免開統一發票] 本店牛肉來源:美國/豬肉:台灣 (上開肉品資訊是由我們所合作之商家合作夥伴所提供。如對上開資訊有任何疑問，請直接與商家合作夥伴聯繫) (公司名稱：臻品餐坊 / 統一編號：88548638)</span>'},[],"[{'@type': 'OpeningHoursSpecification', 'dayOfWeek': ['Monday', 'Tuesday', 'Wednesday', 'Thursday', 'Friday', 'Saturday', 'Sunday'], 'opens': '10:30', 'closes': '21:0'}]"
識好茶 文賢店,2ee325c0-4538-400f-b620-ec83837e369e,{'text': '<span>[本店開立紙本發票] 本商家所提供的商品沒有含有任何依法規應揭露之肉類食材 (上開肉品資訊是由我們所合作之商家合作夥伴所提供。如對上開資訊有任何疑問，請直接與商家合作夥伴聯繫) (公司名稱：長春茶道冷飲店 / 統一編號：81243251)</span>'},"['9147446b-8b52-4065-a989-946b5c60a812', '17a797f3-3752-4e56-ba69-5e10f7665d14', '8b2a9b82-8d91-4c84-9708-e835d1b4b34b', '726b10f2-9e72-47ad-af3c-9562dbd41090', '5f16d6d2-72bf-4bf1-86cb-b284858d3c2a']","[{'@type': 'OpeningHoursSpecification', 'dayOfWeek': ['Monday', 'Tuesday', 'Wednesday', 'Thursday', 'Friday', 'Saturday', 'Sunday'], 'opens': '9:0', 'closes': '21:45'}]"
POKA POKA 手作早午餐,09185012-3864-5692-bf4f-4c073f12a32f,{'text': '<span>[本店免開統一發票] 本店牛肉來源:澳洲/豬肉:台灣 (上開肉品資訊是由我們所合作之商家合作夥伴所提供。如對上開資訊有任何疑問，請直接與商家合作夥伴聯繫) (食品業者登錄字號：D-200005659-00002-9 / 公司名稱：POKA POKA 手作早午餐)</span>'},[],"[{'@type': 'OpeningHoursSpecification', 'dayOfWeek': ['Monday', 'Tuesday', 'Wednesday', 'Thursday', 'Friday', 'Saturday', 'Sunday'], 'opens': '6:0', 'closes': '12:30'}]"
Chicks N Guys 紐約雞肉飯盒 竹北店,ed6a797c-b2f1-5e48-9f0c-f536eef89cce,{'text': '<span>[本店開立紙本發票] 本店牛肉來源:澳洲/豬肉:台灣 (上開肉品資訊是由我們所合作之商家合作夥伴所提供。如對上開資訊有任何疑問，請直接與商家合作夥伴聯繫) (食品業者登錄字號：A-190884376-00000-3 / 公司名稱：上城國際股份有限公司 / 統一編號：90884376)</span>'},[],"[{'@type': 'OpeningHoursSpecification', 'dayOfWeek': 'Sunday', 'opens': '15:0', 'closes': '20:0'}, {'@type': 'OpeningHoursSpecification', 'dayOfWeek': ['Monday', 'Tuesday', 'Wednesday', 'Thursday', 'Friday', 'Saturday'], 'opens': '11:0', 'closes': '20:0'}]"
芭士站 甘草芭樂,b6e7050b-effa-5ffb-a602-a5567f7e29dc,{'text': '<span>[本店免開統一發票] (公司名稱：芭士站 甘草芭樂)</span>'},"['17094f97-d79e-4dd0-aa3d-c78d6c107556', '375bfa0b-c9fd-4e90-a410-0df6084db8b2']","[{'@type': 'OpeningHoursSpecification', 'dayOfWeek': ['Sunday', 'Monday'], 'opens': '15:0', 'closes': '23:30'}, {'@type': 'OpeningHoursSpecification', 'dayOfWeek': 'Tuesday', 'opens': '15:0', 'closes': '22:30'}, {'@type': 'OpeningHoursSpecification', 'dayOfWeek': 'Thursday', 'opens': '15:0', 'closes': '22:30'}, {'@type': 'OpeningHoursSpecification', 'dayOfWeek': 'Friday', 'opens': '15:0', 'closes': '23:0'}, {'@type': 'OpeningHoursSpecification', 'dayOfWeek': 'Saturday', 'opens': '15:0', 'closes': '23:59'}]"
越南河粉 春捲 法國麵包,ffa4df4a-c3c4-589c-a90f-b81e951c6ade,{'text': '<span>[本店免開統一發票] (食品業者登錄字號：H-189296287-00228-9 / 公司名稱：陳蓓欣)</span>'},"['938a3ded-1bd5-4cd4-9151-f826d2437d39', 'ead1ab19-75c6-4829-a643-4474572cc1cd', '5ae184cc-44a1-422c-bf78-6dd3ef1a004d', 'f0c0fe79-f5d7-4a77-81ca-33047291e01e', '1910d0e4-c5cb-42b7-afe5-25f4e7b35c69', '2a7de8c6-2aed-4e06-83af-654e19b95de8']","[{'@type': 'OpeningHoursSpecification', 'dayOfWeek': ['Sunday', 'Monday', 'Tuesday'], 'opens': '11:0', 'closes': '20:30'}, {'@type': 'OpeningHoursSpecification', 'dayOfWeek': ['Thursday', 'Friday', 'Saturday'], 'opens': '11:0', 'closes': '20:30'}]"
牽圈手甜甜圈 東港店,99cb7fbe-1c8a-4ff0-b857-6bd235512cdf,{'text': '<span>[本店免開統一發票] 本商家所提供的商品沒有含有任何依法規應揭露之肉類食材 (上開肉品資訊是由我們所合作之商家合作夥伴所提供。如對上開資訊有任何疑問，請直接與商家合作夥伴聯繫) (食品業者登錄字號：T-200186868-00000-5 / 公司名稱：牽圈手甜甜圈 東港店)</span>'},"['b1c7a913-8cfd-4ace-9b02-9c613948b687', 'dc8d1468-a601-4d6e-9d0a-e2fdb52cec80', '134b58f2-8310-4cd7-8ccd-153805e2cc73', 'c9c2c768-a9b9-494b-89d5-bd2a221cd2a3', '812e842a-cb29-4fcd-903d-ef798d757d62']","[{'@type': 'OpeningHoursSpecification', 'dayOfWeek': ['Monday', 'Tuesday', 'Wednesday', 'Thursday', 'Friday'], 'opens': '12:45', 'closes': '18:15'}]"
耍賴地瓜球 鳳山瑞興店,23e3908a-f5c4-59ce-967b-82cae80b1d21,{'text': '<span>[本店免開統一發票] 本商家所提供的商品沒有含有任何依法規應揭露之肉類食材 (上開肉品資訊是由我們所合作之商家合作夥伴所提供。如對上開資訊有任何疑問，請直接與商家合作夥伴聯繫) (食品業者登錄字號：E-200226411-00000-9 / 公司名稱：耍賴地瓜球)</span>'},"['c94979e1-4a12-489c-8d33-6a28e3842936', 'b1f58439-e986-47ab-9fe2-0e89c7effcea', '386af145-0d54-488c-80f0-4b6c708f1e78']","[{'@type': 'OpeningHoursSpecification', 'dayOfWeek': ['Monday', 'Tuesday', 'Wednesday', 'Thursday', 'Friday', 'Saturday', 'Sunday'], 'opens': '13:45', 'closes': '20:30'}]"
田記豆漿 大同店,dafd2a6c-aca5-5d54-8c4c-ef519df0f0c1,{'text': '<span>[本店免開統一發票] 本商家肉品原產地資訊標示於餐點描述中 (上開肉品資訊是由我們所合作之商家合作夥伴所提供。如對上開資訊有任何疑問，請直接與商家合作夥伴聯繫) (食品業者登錄字號：E-117106029-00001-9 / 公司名稱：田記豆漿)</span>'},[],"[{'@type': 'OpeningHoursSpecification', 'dayOfWeek': 'Sunday', 'opens': '6:0', 'closes': '10:30'}, {'@type': 'OpeningHoursSpecification', 'dayOfWeek': ['Monday', 'Tuesday', 'Wednesday', 'Thursday', 'Friday', 'Saturday'], 'opens': '6:0', 'closes': '10:30'}, {'@type': 'OpeningHoursSpecification', 'dayOfWeek': ['Monday', 'Tuesday', 'Wednesday', 'Thursday', 'Friday', 'Saturday'], 'opens': '17:30', 'closes': '22:30'}]"
翻轉車輪餅,33b84fdb-544c-5582-8820-a71cf1e38fd4,{'text': '<span>[本店免開統一發票] (公司名稱：翻轉車輪餅)</span>'},"['e6f9da14-112e-4305-acc9-002338dbe6ee', '96d7957c-ff63-4faa-b6e8-9fd976004c77', 'dafbac34-ce85-4d1b-904b-cf6a7cb498d0', '82437834-87e7-4141-b15b-988afd0a1d3c', '7a09a0a4-2e37-4d41-ab28-e5f25b84445c', 'eea84cea-3f40-4ac0-ba5a-146d882043f3']","[{'@type': 'OpeningHoursSpecification', 'dayOfWeek': ['Sunday', 'Monday', 'Tuesday', 'Wednesday', 'Thursday', 'Friday'], 'opens': '12:0', 'closes': '18:30'}]"
牛丁次郎坊X台南崇德支店 燒肉丼專科,24a753d3-406e-4340-a90f-2841deaaa7a8,{'text': '<span>[本店免開統一發票] 本商家肉品原產地資訊標示於餐點描述中 (上開肉品資訊是由我們所合作之商家合作夥伴所提供。如對上開資訊有任何疑問，請直接與商家合作夥伴聯繫) (食品業者登錄字號：O-172893182-00001-3 / 公司名稱：牛丁次郎坊X台南崇德支店 燒肉丼專科)</span>'},[],"[{'@type': 'OpeningHoursSpecification', 'dayOfWeek': ['Monday', 'Tuesday', 'Wednesday', 'Thursday', 'Friday', 'Saturday', 'Sunday'], 'opens': '11:0', 'closes': '23:59'}]"
卡莉莎早午餐 Carisa Brunch 楠梓土庫店,254834bf-061d-53e3-b85b-994d92bbc1a6,{'text': '<span>[本店免開統一發票] (食品業者登錄字號：E-200159877-00000-0 / 公司名稱：卡莉莎早午餐 Carisa Brunch 楠梓土庫店)</span>'},[],"[{'@type': 'OpeningHoursSpecification', 'dayOfWeek': ['Monday', 'Tuesday', 'Wednesday', 'Thursday', 'Friday', 'Saturday', 'Sunday'], 'opens': '7:0', 'closes': '13:30'}]"
沁圓豆花店,938fa74f-3e48-48bd-8f75-1cf2143b3de9,{'text': '<span>[本店免開統一發票] 本商家所提供的商品沒有含有任何依法規應揭露之肉類食材 (上開肉品資訊是由我們所合作之商家合作夥伴所提供。如對上開資訊有任何疑問，請直接與商家合作夥伴聯繫) (公司名稱：沁圓豆花冰專賣店 / 統一編號：85999525)</span>'},"['ff2fa0f3-2202-48e4-af26-157bffef9be2', '88a5efc3-6202-4092-9072-f7661bc1d9ce', '2486edd0-c317-47e9-9d78-746bf2b0d875', 'eeaa044e-2181-4ec3-94ce-a8d56a2e44d6']","[{'@type': 'OpeningHoursSpecification', 'dayOfWeek': ['Monday', 'Tuesday', 'Wednesday', 'Thursday', 'Friday', 'Saturday'], 'opens': '11:0', 'closes': '20:30'}]"
ㄚ倫手工蔥抓餅,6162315b-e75f-5f67-9e4c-7688ad0e98ec,{'text': '<span>[本店免開統一發票] (食品業者登錄字號：D-200185143-00000-4 / 公司名稱：ㄚ倫手工蔥抓餅)</span>'},"['b2b76737-14a7-4705-a414-385095680d64', 'e7e2e4df-f67d-4cf1-b361-2722b87955ac', '3bec45f9-610e-4f92-8baf-591ff0750d6b', '12324a8b-02ec-49e8-895f-e1f6cc39b78b', 'f7129604-977b-49a9-b51f-c7b74dba60c3']","[{'@type': 'OpeningHoursSpecification', 'dayOfWeek': 'Sunday', 'opens': '10:0', 'closes': '7:30'}, {'@type': 'OpeningHoursSpecification', 'dayOfWeek': ['Tuesday', 'Wednesday', 'Thursday', 'Friday', 'Saturday'], 'opens': '10:0', 'closes': '7:30'}]"
有利脆皮豬 汐止店,0e59d418-f0e6-5a1b-84c7-c104a7ca1e83,{'text': '<span>[本店免開統一發票] (食品業者登錄字號：F-200066134-00001-5 / 公司名稱：有利脆皮豬 汐止店)</span>'},"['2ed093e1-aa90-4c74-a3c0-80bfe9c02cf5', '3a52a3f7-144e-43a4-aa52-827277b24cc2', '532b59cc-49ae-4674-8976-8838786db140']","[{'@type': 'OpeningHoursSpecification', 'dayOfWeek': 'Sunday', 'opens': '9:0', 'closes': '20:0'}, {'@type': 'OpeningHoursSpecification', 'dayOfWeek': ['Tuesday', 'Wednesday', 'Thursday', 'Friday', 'Saturday'], 'opens': '9:0', 'closes': '20:0'}]"
6號鍋燒舖,dd80fd95-6a96-54b6-a1cc-7ebb56214aab,{'text': '<span>[本店免開統一發票] (食品業者登錄字號：M-200176166-00000-8 / 公司名稱：6號鍋燒舖)</span>'},[],"[{'@type': 'OpeningHoursSpecification', 'dayOfWeek': 'Monday', 'opens': '17:0', 'closes': '0:0'}, {'@type': 'OpeningHoursSpecification', 'dayOfWeek': ['Tuesday', 'Wednesday'], 'opens': '17:0', 'closes': '0:0'}, {'@type': 'OpeningHoursSpecification', 'dayOfWeek': ['Tuesday', 'Wednesday'], 'opens': '0:0', 'closes': '1:0'}, {'@type': 'OpeningHoursSpecification', 'dayOfWeek': 'Thursday', 'opens': '0:0', 'closes': '1:0'}]"
日出茶太 基隆百福店,638de5e8-ccdf-47be-8c49-02ebe7bd6280,{'text': '<span>[本店開立紙本發票] (食品業者登錄字號：C-180671769-00178-0 / 公司名稱：智弘飲料店 / 統一編號：82215079)</span>'},"['ad5b0c27-4ef2-5105-8496-aa0945074398', '62f8446b-8e93-5d7a-a20d-17677cff3b89', '115a95b0-f342-52f0-9791-8c6aa2075c92', 'b477651e-3951-5f03-8184-719d28cced19', 'a814d8ea-35a4-46da-9a47-319d8bb0017b']","[{'@type': 'OpeningHoursSpecification', 'dayOfWeek': 'Sunday', 'opens': '11:0', 'closes': '21:0'}, {'@type': 'OpeningHoursSpecification', 'dayOfWeek': ['Monday', 'Tuesday', 'Wednesday', 'Thursday', 'Friday', 'Saturday'], 'opens': '10:30', 'closes': '21:0'}]"
萊爾富4433高市鼎盛店,566e55c4-38b0-487c-af25-b67e27ae37e4,{'text': '<span>[本店開立紙本發票] 本商家肉品原產地資訊標示於餐點描述中 (上開肉品資訊是由我們所合作之商家合作夥伴所提供。如對上開資訊有任何疑問，請直接與商家合作夥伴聯繫) (食品業者登錄字號：E-123285582-94296-7 / 公司名稱：萊爾富國際股份有限公司第四四三三分公司 / 統一編號：51832409)</span>'},[],"[{'@type': 'OpeningHoursSpecification', 'dayOfWeek': ['Monday', 'Tuesday', 'Wednesday', 'Thursday', 'Friday', 'Saturday', 'Sunday'], 'opens': '0:0', 'closes': '23:59'}]"
家樂福超市 員林博愛店,9650a233-032e-42c9-b0a7-9f3bd0cd9504,{'text': '<span>[本店開立紙本發票] 本店販售之豬肉產地皆為台灣；牛肉產地除和牛漢堡排為日本及紐西蘭外皆標示於品名中。(上開肉品資訊是由我們所合作之商家合作夥伴所提供。如對上開資訊有任何疑問，請直接與商家合作夥伴聯繫) (食品業者登錄字號：A-122662550-00000-6 / 公司名稱：惠康百貨股份有限公司員林二分公司 / 統一編號：96971186)</span>'},[],"[{'@type': 'OpeningHoursSpecification', 'dayOfWeek': ['Monday', 'Tuesday', 'Wednesday', 'Thursday', 'Friday', 'Saturday', 'Sunday'], 'opens': '0:0', 'closes': '23:59'}]"
府中弄湯 食膳坊,5516a91f-0914-425c-9638-976b845db573,{'text': '<span>[本店開立紙本發票] 本店使用豬肉原產地/台灣  牛肉原產地/澳洲 (上開肉品資訊是由我們所合作之商家合作夥伴所提供。如對上開資訊有任何疑問，請直接與商家合作夥伴聯繫) (公司名稱：府中弄湯有限公司 / 統一編號：83299619)</span>'},"['db76f139-a2e2-5ce3-b06c-6d0e715a8a0e', '92373f6b-e160-5267-ae1a-eb56e2e6b3a2', '5107f51a-3302-5016-a89a-2049c3f967cb']","[{'@type': 'OpeningHoursSpecification', 'dayOfWeek': 'Sunday', 'opens': '11:30', 'closes': '20:50'}, {'@type': 'OpeningHoursSpecification', 'dayOfWeek': ['Monday', 'Tuesday', 'Wednesday', 'Thursday', 'Friday'], 'opens': '11:30', 'closes': '14:0'}, {'@type': 'OpeningHoursSpecification', 'dayOfWeek': ['Monday', 'Tuesday', 'Wednesday', 'Thursday', 'Friday'], 'opens': '17:0', 'closes': '20:50'}, {'@type': 'OpeningHoursSpecification', 'dayOfWeek': 'Saturday', 'opens': '11:30', 'closes': '20:50'}]"
ㄚ興炒飯,70295bcd-a932-503a-8a60-9fa4d76a52c9,{'text': '<span>[本店免開統一發票] 本店牛肉來源:台灣/豬肉:台灣 (上開肉品資訊是由我們所合作之商家合作夥伴所提供。如對上開資訊有任何疑問，請直接與商家合作夥伴聯繫) (食品業者登錄字號：U-200214960-00000-1 / 公司名稱：ㄚ興炒飯)</span>'},"['b043efcd-21cf-4313-9a17-176efd2c62e6', '54cd26a7-89cf-4f1b-8f52-7c6cc0ab6b1a', '9dc2075d-0bb6-456c-a7c9-8ac0fbcb9b28', 'a8591392-ad61-44c2-bec0-57eb51508f40', '2759ec2f-f8c2-43f0-ab57-7088a14fdcf4', '238aa13c-4320-40a9-a747-54b004d3f1ac', '34a4cff0-7e67-4173-9a7e-fc12b47b0c6e']","[{'@type': 'OpeningHoursSpecification', 'dayOfWeek': ['Monday', 'Tuesday', 'Wednesday', 'Thursday', 'Friday', 'Saturday', 'Sunday'], 'opens': '18:0', 'closes': '1:30'}]"
Louisa 路易莎 草屯中正門市,b1b96bef-ab70-53fb-ad7f-fbf8272f7362,{'text': '<span>[本店開立紙本發票] (食品業者登錄字號：B-124693586-00620-0 / 公司名稱：雄霸咖啡館 / 統一編號：87271417)</span>'},[],"[{'@type': 'OpeningHoursSpecification', 'dayOfWeek': ['Monday', 'Tuesday', 'Wednesday', 'Thursday', 'Friday', 'Saturday', 'Sunday'], 'opens': '7:0', 'closes': '17:40'}]"
曼谷小館 大竹店,964d5270-d8d9-5af3-af68-bb997e022dad,{'text': '<span>[本店免開統一發票] 本店牛肉來源:澳洲/豬肉:台灣 (上開肉品資訊是由我們所合作之商家合作夥伴所提供。如對上開資訊有任何疑問，請直接與商家合作夥伴聯繫) (公司名稱：曼谷小館 大竹店 / 統一編號：72729697)</span>'},[],"[{'@type': 'OpeningHoursSpecification', 'dayOfWeek': ['Monday', 'Tuesday', 'Wednesday', 'Thursday', 'Friday', 'Saturday', 'Sunday'], 'opens': '11:30', 'closes': '14:0'}, {'@type': 'OpeningHoursSpecification', 'dayOfWeek': ['Monday', 'Tuesday', 'Wednesday', 'Thursday', 'Friday', 'Saturday', 'Sunday'], 'opens': '17:0', 'closes': '20:0'}]"
饗蔬職人(勤美店),f6abf972-5e7c-419a-a7cf-c2589cbbf653,{'text': '<span>[本店免開統一發票] 本商家所提供的商品沒有含有任何依法規應揭露之肉類食材 (上開肉品資訊是由我們所合作之商家合作夥伴所提供。如對上開資訊有任何疑問，請直接與商家合作夥伴聯繫) (食品業者登錄字號：B-200139625-00000-6 / 公司名稱：饗蔬達人商行)</span>'},"['559a682e-545d-4ea6-a1a8-5ed6e9d3020d', 'fc5b7694-a3ea-48cb-b2d2-a5762d67aa82', '0fc03253-2f87-491e-9678-03f6b5684870', '5243fa74-32dd-4fd9-a673-f0200d3a08c1', '11a189d9-8762-462c-a27d-909daa9a4052', '9795c9df-d8af-49ba-818b-0e31d840d762', 'aacb9569-32b0-4551-9a52-9aa3001248ad', 'dd5f04e8-2184-4aa5-9102-e274fc9841f2']","[{'@type': 'OpeningHoursSpecification', 'dayOfWeek': ['Monday', 'Tuesday', 'Wednesday', 'Thursday', 'Friday', 'Saturday', 'Sunday'], 'opens': '11:30', 'closes': '20:0'}]"
老賴茶棧 高雄鳳曹店,1bf98326-6e8f-5b8f-917f-a26dbdf214f5,{'text': '<span>[本店免開統一發票] (公司名稱：永健飲料行 / 統一編號：93316166)</span>'},[],"[{'@type': 'OpeningHoursSpecification', 'dayOfWeek': ['Monday', 'Tuesday', 'Wednesday', 'Thursday', 'Friday', 'Saturday', 'Sunday'], 'opens': '10:0', 'closes': '21:30'}]"
九湯屋日本拉麵 光遠店,67351cd4-3ec7-48e0-ad46-8a5407d1dfcf,{'text': '<span>[本店免開統一發票] 本店使用豬肉原產地（國）：台灣 (上開肉品資訊是由我們所合作之商家合作夥伴所提供。如對上開資訊有任何疑問，請直接與商家合作夥伴聯繫) (公司名稱：豚神拉麵)</span>'},"['a366fcc0-a010-561a-90c4-b96efc25cde7', '02dee4f4-14f1-5a10-a7ab-25449dd12275', '045cc28c-392d-5fcf-a543-c788f9e12f84', 'e83f122d-6616-51fb-8805-6b439e065388', 'd29653a9-b1ed-5c73-8f14-6f95086c75b1']","[{'@type': 'OpeningHoursSpecification', 'dayOfWeek': 'Sunday', 'opens': '11:0', 'closes': '20:55'}, {'@type': 'OpeningHoursSpecification', 'dayOfWeek': ['Monday', 'Tuesday', 'Wednesday', 'Thursday', 'Friday'], 'opens': '11:0', 'closes': '13:55'}, {'@type': 'OpeningHoursSpecification', 'dayOfWeek': ['Monday', 'Tuesday', 'Wednesday', 'Thursday', 'Friday'], 'opens': '17:0', 'closes': '20:55'}, {'@type': 'OpeningHoursSpecification', 'dayOfWeek': 'Saturday', 'opens': '11:0', 'closes': '20:55'}]"
阿汝冰品甜湯店,991c7773-2d52-5bd6-95b8-481eda88cd68,{'text': '<span>[本店免開統一發票] (公司名稱：阿汝冰品甜湯店)</span>'},"['d219ecd7-8e5a-488b-9691-8ded487f0cc7', 'e0c7f6c6-e2c2-4b01-a947-f09edc1cc54a']","[{'@type': 'OpeningHoursSpecification', 'dayOfWeek': ['Monday', 'Tuesday', 'Wednesday', 'Thursday', 'Friday'], 'opens': '11:0', 'closes': '18:0'}, {'@type': 'OpeningHoursSpecification', 'dayOfWeek': ['Monday', 'Tuesday', 'Wednesday', 'Thursday', 'Friday'], 'opens': '14:0', 'closes': '18:0'}]"
LANO食堂,c0731ef8-3c46-4977-a077-244b16bb4b33,{'text': '<span>[本店免開統一發票] 本店使用豬肉原產地：台灣  本店使用牛肉原產地：美國 (上開肉品資訊是由我們所合作之商家合作夥伴所提供。如對上開資訊有任何疑問，請直接與商家合作夥伴聯繫) (食品業者登錄字號：A-200156466-00001-8 / 公司名稱：LANO store)</span>'},[],"[{'@type': 'OpeningHoursSpecification', 'dayOfWeek': ['Sunday', 'Monday', 'Tuesday', 'Wednesday'], 'opens': '10:50', 'closes': '14:30'}, {'@type': 'OpeningHoursSpecification', 'dayOfWeek': ['Sunday', 'Monday', 'Tuesday', 'Wednesday'], 'opens': '16:30', 'closes': '19:30'}, {'@type': 'OpeningHoursSpecification', 'dayOfWeek': 'Friday', 'opens': '11:0', 'closes': '13:0'}]"
協力旺香雞排 大安興安店,0122ed9a-0a85-54d9-b133-5f4439c37dc0,{'text': '<span>[本店免開統一發票] (公司名稱：協力旺 興安店)</span>'},[],"[{'@type': 'OpeningHoursSpecification', 'dayOfWeek': 'Sunday', 'opens': '15:30', 'closes': '21:30'}, {'@type': 'OpeningHoursSpecification', 'dayOfWeek': ['Tuesday', 'Wednesday', 'Thursday', 'Friday', 'Saturday'], 'opens': '15:30', 'closes': '21:30'}]"
麥寮赤肉羹,fae21237-1b3c-5468-9311-dfca64215d91,{'text': '<span>[本店免開統一發票] 本店豬肉來源:台灣 (上開肉品資訊是由我們所合作之商家合作夥伴所提供。如對上開資訊有任何疑問，請直接與商家合作夥伴聯繫) (公司名稱：麻辣Time)</span>'},[],"[{'@type': 'OpeningHoursSpecification', 'dayOfWeek': 'Sunday', 'opens': '14:0', 'closes': '20:0'}, {'@type': 'OpeningHoursSpecification', 'dayOfWeek': 'Sunday', 'opens': '10:0', 'closes': '14:0'}, {'@type': 'OpeningHoursSpecification', 'dayOfWeek': 'Sunday', 'opens': '16:0', 'closes': '19:30'}, {'@type': 'OpeningHoursSpecification', 'dayOfWeek': ['Monday', 'Tuesday', 'Wednesday', 'Thursday'], 'opens': '18:0', 'closes': '20:0'}, {'@type': 'OpeningHoursSpecification', 'dayOfWeek': ['Monday', 'Tuesday', 'Wednesday', 'Thursday'], 'opens': '10:0', 'closes': '14:0'}, {'@type': 'OpeningHoursSpecification', 'dayOfWeek': ['Monday', 'Tuesday', 'Wednesday', 'Thursday'], 'opens': '16:0', 'closes': '19:30'}, {'@type': 'OpeningHoursSpecification', 'dayOfWeek': 'Friday', 'opens': '10:0', 'closes': '14:0'}, {'@type': 'OpeningHoursSpecification', 'dayOfWeek': 'Friday', 'opens': '16:0', 'closes': '19:30'}]"
桶一天下 內埔店,14bad1b2-2ce2-5a92-831e-f20d0293d266,{'text': '<span>[本店免開統一發票] (公司名稱：桶一天下 內埔店)</span>'},[],"[{'@type': 'OpeningHoursSpecification', 'dayOfWeek': ['Monday', 'Tuesday', 'Wednesday', 'Thursday', 'Friday', 'Saturday', 'Sunday'], 'opens': '10:0', 'closes': '0:0'}]"
萬波 新營民權店,4a2a6927-30aa-529b-b03a-6d6bf6b78268,{'text': '<span>[本店開立紙本發票] (食品業者登錄字號：D-189004269-00000-9 / 公司名稱：晴龍安商行 / 統一編號：89004269)</span>'},[],"[{'@type': 'OpeningHoursSpecification', 'dayOfWeek': ['Sunday', 'Monday'], 'opens': '10:0', 'closes': '20:0'}, {'@type': 'OpeningHoursSpecification', 'dayOfWeek': ['Wednesday', 'Thursday', 'Friday', 'Saturday'], 'opens': '10:0', 'closes': '20:0'}]"
豪紀無骨戰鬥雞 竹南店,1d169b73-7b9d-5353-8b00-5a91520255c7,{'text': '<span>[本店免開統一發票] (公司名稱：豪紀無骨戰鬥雞 竹南店)</span>'},"['4e5fd464-0f9f-4e27-bf8b-b25ac9f539bc', '122435be-360b-45f7-815d-c54af3f8aa49', '1e5532b9-a521-4d23-a0a1-791baec81197', 'c30f418b-28fa-44d6-883c-0c08f21edafa', '7355e999-97ba-4802-af55-f6cf66862404']","[{'@type': 'OpeningHoursSpecification', 'dayOfWeek': ['Monday', 'Tuesday', 'Wednesday', 'Thursday', 'Friday', 'Saturday', 'Sunday'], 'opens': '16:0', 'closes': '22:0'}]"
酥炸魷魚專売店,bbe31e66-645e-5336-b19d-1365fcfc2677,{'text': '<span>[本店免開統一發票] (食品業者登錄字號：O-200244440-00124-8 / 公司名稱：酥炸魷魚專売店)</span>'},"['ba100f89-3946-4257-ba32-32e29c5edc39', 'ca7f4777-a0db-40a4-ad58-55416d3a7c00', '9b7d870a-dc8d-48b3-8490-099064375158', 'c0a6bc4d-e50f-4ab8-8e97-663faedc429b']","[{'@type': 'OpeningHoursSpecification', 'dayOfWeek': 'Sunday', 'opens': '15:0', 'closes': '0:0'}, {'@type': 'OpeningHoursSpecification', 'dayOfWeek': ['Tuesday', 'Wednesday', 'Thursday', 'Friday', 'Saturday'], 'opens': '15:0', 'closes': '0:0'}]"
麥町吐司工房 楊梅新成店,ebcd2581-7eb8-5225-86f6-42a1d95b30ac,{'text': '<span>[本店免開統一發票] 本商家肉品原產地資訊標示於餐點描述中 (上開肉品資訊是由我們所合作之商家合作夥伴所提供。如對上開資訊有任何疑問，請直接與商家合作夥伴聯繫) (公司名稱：諮銘早午餐 / 統一編號：92554317)</span>'},"['90d068b1-fcdf-4a83-8bb1-de66737b4408', '7653ea45-600e-4197-a1e7-317e1b4dbba7', '11d669ff-e30b-40b7-b679-c410db18e299', '8797916c-8d40-4f7a-ad39-6fa877f35e6a', '5fb80b49-2c1b-459a-917a-20c043faa1f6']","[{'@type': 'OpeningHoursSpecification', 'dayOfWeek': ['Monday', 'Tuesday', 'Wednesday', 'Thursday', 'Friday', 'Saturday', 'Sunday'], 'opens': '6:0', 'closes': '12:55'}]"
台南紅燒花枝焿 後甲分店,9bfa6ed0-6602-581f-b679-fdab9b7b1b84,{'text': '<span>[本店免開統一發票] 本店豬肉來源:台灣 (上開肉品資訊是由我們所合作之商家合作夥伴所提供。如對上開資訊有任何疑問，請直接與商家合作夥伴聯繫) (公司名稱：台南紅燒花枝焿 後甲分店)</span>'},"['d4039b45-4936-5b86-b684-e82daf285ae3', 'b4578d12-5612-500f-b2d3-ce49f2b5673a', 'fcd81cc8-2609-5c5b-917f-72326b0bd338', '42927835-d534-56d8-a804-cee9fb36d7a2', 'ff55e9b7-3192-5d22-b848-9cf6c2cd26b4', 'a7161c76-9dde-5973-8599-5df2c18afd1a']","[{'@type': 'OpeningHoursSpecification', 'dayOfWeek': ['Sunday', 'Monday', 'Tuesday', 'Wednesday', 'Thursday', 'Friday'], 'opens': '10:0', 'closes': '20:0'}]"
金虎太子甘草芭樂,772a65d4-fc7d-511a-a6c5-c340640f9172,{'text': '<span>[本店免開統一發票] (食品業者登錄字號：G-200184216-00001-1 / 公司名稱：金虎太子甘草芭樂)</span>'},[],"[{'@type': 'OpeningHoursSpecification', 'dayOfWeek': 'Sunday', 'opens': '9:0', 'closes': '16:0'}, {'@type': 'OpeningHoursSpecification', 'dayOfWeek': 'Saturday', 'opens': '11:0', 'closes': '16:0'}]"
一香麵食店,1312fab9-de3a-4ff3-a144-d8a8156de671,{'text': '<span>[本店免開統一發票] 本店使用台灣豬 (上開肉品資訊是由我們所合作之商家合作夥伴所提供。如對上開資訊有任何疑問，請直接與商家合作夥伴聯繫)</span>'},[],"[{'@type': 'OpeningHoursSpecification', 'dayOfWeek': ['Monday', 'Tuesday', 'Wednesday', 'Thursday', 'Friday', 'Saturday', 'Sunday'], 'opens': '12:30', 'closes': '20:10'}]"
楊記麻辣湯餃,8c6b16bc-7a95-5520-a903-8076352f6219,{'text': '<span>[本店免開統一發票] (食品業者登錄字號：H-200191255-00001-0 / 公司名稱：楊記迷你鍋物 / 統一編號：42171286)</span>'},[],"[{'@type': 'OpeningHoursSpecification', 'dayOfWeek': 'Sunday', 'opens': '11:0', 'closes': '14:0'}, {'@type': 'OpeningHoursSpecification', 'dayOfWeek': 'Sunday', 'opens': '17:0', 'closes': '21:0'}, {'@type': 'OpeningHoursSpecification', 'dayOfWeek': ['Tuesday', 'Wednesday'], 'opens': '11:0', 'closes': '14:0'}, {'@type': 'OpeningHoursSpecification', 'dayOfWeek': ['Tuesday', 'Wednesday'], 'opens': '17:0', 'closes': '21:0'}, {'@type': 'OpeningHoursSpecification', 'dayOfWeek': 'Thursday', 'opens': '17:0', 'closes': '21:0'}, {'@type': 'OpeningHoursSpecification', 'dayOfWeek': ['Friday', 'Saturday'], 'opens': '11:0', 'closes': '14:0'}, {'@type': 'OpeningHoursSpecification', 'dayOfWeek': ['Friday', 'Saturday'], 'opens': '17:0', 'closes': '21:0'}]"
すき家 SUKIYA 三峽店,21700653-44dc-54f8-b09b-6b18c6aa9277,{'text': '<span>[本店開立紙本發票] (食品業者登錄字號：F-154181892-00332-9 / 公司名稱：台灣善商股份有限公司三峽門市 / 統一編號：82155038)</span>'},[],"[{'@type': 'OpeningHoursSpecification', 'dayOfWeek': ['Monday', 'Tuesday', 'Wednesday', 'Thursday', 'Friday', 'Saturday', 'Sunday'], 'opens': '10:30', 'closes': '5:0'}, {'@type': 'OpeningHoursSpecification', 'dayOfWeek': ['Monday', 'Tuesday', 'Wednesday', 'Thursday', 'Friday', 'Saturday', 'Sunday'], 'opens': '5:0', 'closes': '10:30'}]"
三元手工早點 燒餅油條 豆漿,6d8d156e-1830-56cb-a38e-c486c96653af,{'text': '<span>[本店免開統一發票] (公司名稱：三元早點 / 統一編號：82533314)</span>'},"['fd7605ca-e70c-4e5f-9ea4-3b8032a98c71', '480d80cc-6243-4c45-8a18-285fedb36878', 'bb184c22-f737-4edb-b10b-cbfc4053ee9d', '6838f411-2c9f-4a36-a66d-e175e8033e67', 'f185cf4a-0fa3-4209-80f0-55e441996712']","[{'@type': 'OpeningHoursSpecification', 'dayOfWeek': ['Monday', 'Tuesday', 'Wednesday', 'Thursday', 'Friday', 'Saturday', 'Sunday'], 'opens': '5:0', 'closes': '11:0'}]"
里歐歐式早午餐 東平店,3fa5b511-e068-59bf-af26-1ee68cba1676,{'text': '<span>[本店免開統一發票] 本商家肉品原產地資訊標示於餐點描述中 (上開肉品資訊是由我們所合作之商家合作夥伴所提供。如對上開資訊有任何疑問，請直接與商家合作夥伴聯繫) (公司名稱：里歐歐式早午餐東平店)</span>'},"['750f63a4-2072-46ec-9775-b9a56e6e867e', 'aca3a8f2-b69a-42db-82ff-8fe894a3ac7c', '0bb3477e-823b-46cc-9fd3-3484efcc04aa', 'e5444425-df27-4bb7-8d23-b5eb7b25b225', '20dbf7cb-c546-4837-be63-508b1f98c2fb', '0cc062e4-a01c-406f-b69b-27f802d6d583', 'cd86e1d0-e469-4897-988a-719affc5ea96', '6eedcd06-58f5-4059-a5b9-b85d82be41a0', '29d7ae22-93b9-4b2b-8189-3138a75d93c8', '424f8093-7fca-436b-a727-13e42d393f2b', 'aae5790d-51cb-4205-9a84-cfd6d9f27722', '95ba6c76-53ba-4317-8d6f-5466dbc117de', '86df28aa-9e1c-49f5-bd0e-df0666412321', '21f399cb-eff2-485b-ae09-7624470a90a6']","[{'@type': 'OpeningHoursSpecification', 'dayOfWeek': ['Monday', 'Tuesday', 'Wednesday', 'Thursday', 'Friday', 'Saturday', 'Sunday'], 'opens': '6:0', 'closes': '13:10'}]"
台南水交社老鄧牛肉麵,eafffe65-5e14-4cc4-985b-4e81b9e9929b,{'text': '<span>[本店免開統一發票] 本商家肉品原產地資訊標示於餐點描述中 (上開肉品資訊是由我們所合作之商家合作夥伴所提供。如對上開資訊有任何疑問，請直接與商家合作夥伴聯繫) (統一編號：69721377)</span>'},"['75d553a4-5db8-4722-844f-0c8bb1157b1b', '01093393-3d72-41c4-8572-cea53aff7a46', 'b13798e6-c497-401f-b494-f8fc18273278', '04176094-99d2-4286-93a7-746e62dc04dc', '600c52f7-be53-47a2-ab78-47f2840c2e0c']","[{'@type': 'OpeningHoursSpecification', 'dayOfWeek': 'Sunday', 'opens': '11:0', 'closes': '20:15'}, {'@type': 'OpeningHoursSpecification', 'dayOfWeek': ['Tuesday', 'Wednesday', 'Thursday', 'Friday', 'Saturday'], 'opens': '11:0', 'closes': '20:15'}]"
萬華莊家班麻油雞 竹圍店,0a7cbe51-f77c-561a-b622-3edc83e626f9,{'text': '<span>[本店免開統一發票] (公司名稱：莊家班竹圍店)</span>'},"['464e818a-446b-4186-8066-c3bd62884c4a', 'd329b61f-2941-4f6c-ba12-a36335540770', '954cf1a3-da18-4b2f-8510-0965a2cdabff', '46a38eff-ac28-4ec2-9a47-b392a22a181e', '8e879a1c-f27d-467a-b55c-67be45c63041']","[{'@type': 'OpeningHoursSpecification', 'dayOfWeek': ['Monday', 'Tuesday', 'Wednesday', 'Thursday', 'Friday', 'Saturday', 'Sunday'], 'opens': '11:0', 'closes': '0:20'}]"
臥籠崗包子,d6e5353b-7bd5-51b2-8b35-6503951b7a40,{'text': '<span>[本店免開統一發票] 本店豬肉來源:台灣 (上開肉品資訊是由我們所合作之商家合作夥伴所提供。如對上開資訊有任何疑問，請直接與商家合作夥伴聯繫) (公司名稱：唭哩岸豆漿店 / 統一編號：75060275)</span>'},"['58a62dfe-6ed0-4e79-a42b-f7bfac323fdd', '8fc7193a-4606-4d35-8038-2d2f4a5fb2ba', 'a12da85f-a74a-4f4c-a836-ea60d8d3f0b1', '4e9c3f56-adac-4c7b-8a48-3728a1314ed3', '3f6fc23e-5724-4814-879e-a165596f9e41', 'e45698d5-eb6d-4fa7-a5db-3eb4f7e9f9ee']","[{'@type': 'OpeningHoursSpecification', 'dayOfWeek': ['Monday', 'Tuesday', 'Wednesday', 'Thursday', 'Friday', 'Saturday'], 'opens': '7:0', 'closes': '18:0'}]"
